id,name,age,salary,role,location,image
1,Ritikka,23,25000,Flutter Developer,Jaipur,https://randomuser.me/api/portraits/women/10.jpg
2,Anita,24,28000,Java Developer,Delhi,https://randomuser.me/api/portraits/women/11.jpg
3,Pooja,22,22000,UI Designer,Indore,https://randomuser.me/api/portraits/women/12.jpg
4,Neha,25,30000,Android Developer,Noida,https://randomuser.me/api/portraits/women/13.jpg
5,Kajal,21,20000,Trainee Developer,Ajmer,https://randomuser.me/api/portraits/women/14.jpg
6,Simran,26,32000,Backend Developer,Chandigarh,https://randomuser.me/api/portraits/women/15.jpg
7,Monika,24,27000,QA Engineer,Gurgaon,https://randomuser.me/api/portraits/women/16.jpg
8,Preeti,23,26000,Frontend Developer,Jaipur,https://randomuser.me/api/portraits/women/17.jpg
9,Kirti,22,23000,UI-UX Intern,Udaipur,https://randomuser.me/api/portraits/women/18.jpg
10,Nisha,27,35000,Senior Developer,Pune,https://randomuser.me/api/portraits/women/19.jpg
11,Divya,24,28000,Flutter Developer,Bangalore,https://randomuser.me/api/portraits/women/20.jpg
12,Shivani,25,31000,Android Developer,Noida,https://randomuser.me/api/portraits/women/21.jpg
13,Aarti,23,24000,Web Developer,Bikaner,https://randomuser.me/api/portraits/women/22.jpg
14,Suman,26,33000,Team Lead,Delhi,https://randomuser.me/api/portraits/women/23.jpg
15,Meena,22,21000,Junior Developer,Jodhpur,https://randomuser.me/api/portraits/women/24.jpg
16,Payal,24,29000,React Developer,Ahmedabad,https://randomuser.me/api/portraits/women/25.jpg
17,Kiran,25,30000,Software Engineer,Surat,https://randomuser.me/api/portraits/women/26.jpg
18,Rashmi,23,26000,Testing Engineer,Jaipur,https://randomuser.me/api/portraits/women/27.jpg
19,Sakshi,21,20000,Intern,Alwar,https://randomuser.me/api/portraits/women/28.jpg
20,Tina,27,36000,Project Coordinator,Mumbai,https://randomuser.me/api/portraits/women/29.jpg
21,Ankita,24,27000,Flutter Developer,Bhopal,https://randomuser.me/api/portraits/women/30.jpg
22,Rashika,23,26000,Frontend Developer,Indore,https://randomuser.me/api/portraits/women/31.jpg
23,Smita,25,30000,Full Stack Developer,Nagpur,https://randomuser.me/api/portraits/women/32.jpg
24,Neelam,22,22000,UI Designer,Kota,https://randomuser.me/api/portraits/women/33.jpg
25,Deepa,26,32000,Backend Engineer,Hyderabad,https://randomuser.me/api/portraits/women/34.jpg
26,Sonia,21,21000,Junior Tester,Hisar,https://randomuser.me/api/portraits/women/35.jpg
27,Shreya,23,24000,Mobile App Developer,Jaipur,https://randomuser.me/api/portraits/women/36.jpg
28,Rekha,24,28000,Software Analyst,Delhi,https://randomuser.me/api/portraits/women/37.jpg
29,Divya,25,29000,Android Developer,Bangalore,https://randomuser.me/api/portraits/women/38.jpg
30,Seema,22,23000,Trainee Engineer,Sikar,https://randomuser.me/api/portraits/women/39.jpg
11,Divya,24,28000,Flutter Developer,Bangalore,https://randomuser.me/api/portraits/women/20.jpg
12,Shivani,25,31000,Android Developer,Noida,https://randomuser.me/api/portraits/women/21.jpg
13,Aarti,23,24000,Web Developer,Bikaner,https://randomuser.me/api/portraits/women/22.jpg
14,Suman,26,33000,Team Lead,Delhi,https://randomuser.me/api/portraits/women/23.jpg
15,Meena,22,21000,Junior Developer,Jodhpur,https://randomuser.me/api/portraits/women/24.jpg
16,Payal,24,29000,React Developer,Ahmedabad,https://randomuser.me/api/portraits/women/25.jpg
17,Kiran,25,30000,Software Engineer,Surat,https://randomuser.me/api/portraits/women/26.jpg
18,Rashmi,23,26000,Testing Engineer,Jaipur,https://randomuser.me/api/portraits/women/27.jpg
19,Sakshi,21,20000,Intern,Alwar,https://randomuser.me/api/portraits/women/28.jpg
20,Tina,27,36000,Project Coordinator,Mumbai,https://randomuser.me/api/portraits/women/29.jpg
